chain,postal_code,zone,zone_coverage
Safeway,V5K0A1,Vancouver (East),All of BC except East Kootenay / Peace
Save-On-Foods,V5K0A1,Vancouver (East),Metro Vancouver + Fraser Valley
Save-On-Foods,V8W1A1,Victoria,Vancouver Island
Save-On-Foods,V0X1L0,Hope,Interior + Kootenays + North (rest of BC)
Real Canadian Superstore,V5K0A1,Vancouver (East),"Vancouver, Burnaby (urban zone)"
Real Canadian Superstore,V7L1A1,North Vancouver,Everywhere else in BC
Walmart,V5K0A1,Vancouver (East),All of BC
No Frills,V5K0A1,Vancouver (East),Metro Vancouver + Squamish
No Frills,V0N3A0,Sechelt,Island + Okanagan + Sunshine Coast
